pH,Temperature
5.2,24
Time,5.5
0,-14.7815
1,-10.5939
2,-8.78143
3,-7.65634
4,-6.90627
5,-6.04697
6,-5.60946
7,-5.25945
8,-4.95945
9,-4.69069
10,-4.47195
11,-4.27194
12,-4.09069
13,-3.93443
14,-3.78975
15,-3.66224
16,-3.54724
17,-3.44224
18,-3.34599
19,-3.25724
20,-3.17474
21,-3.09849
22,-3.02786
23,-2.96223
24,-2.89973
25,-2.84161
26,-2.78661
27,-2.73473
28,-2.68598
29,-2.64035
30,-2.59598
31,-2.5541
32,-2.51473
33,-2.4766
34,-2.44035
35,-2.40535
36,-2.37222
37,-2.34035
38,-2.3091
39,-2.27972
40,-2.2516
41,-2.2241
42,-2.19785
43,-2.17222
44,-2.14722
45,-2.12347
46,-2.10034
47,-2.07847
48,-2.05722
49,-2.03659
50,-2.01659
